"DisplayCategory","ProductHeaderCode","ProductHeader","PHOrder","effective_date","price","sale_location_code","SaleLoc","RowError","RowState","Table","ItemArray","HasErrors","SideIndicator","SourceFile"
"SS: CB Private ADV/WEB","128228","CB Ski HD AM Private -WEB","2010","03/11/2024 12:00:00 AM","755","N/A","N/A","","Unchanged","","System.Object[]","False","<=","2024-02-21-PrivateRateIncrease.xlsx"
"SS: CB Private ADV/WEB","128228","CB Ski HD AM Private -WEB","2010","03/12/2024 12:00:00 AM","755","N/A","N/A","","Unchanged","","System.Object[]","False","<=","2024-02-21-PrivateRateIncrease.xlsx"
"SS: CB Private ADV/WEB","128228","CB Ski HD AM Private -WEB","2010","03/13/2024 12:00:00 AM","755","N/A","N/A","","Unchanged","","System.Object[]","False","<=","2024-02-21-PrivateRateIncrease.xlsx"
"SS: CB Private ADV/WEB","128229","CB Ski HD PM Private -WEB","2020","03/11/2024 12:00:00 AM","755","N/A","N/A","","Unchanged","","System.Object[]","False","<=","2024-02-21-PrivateRateIncrease.xlsx"
"SS: CB Private ADV/WEB","128229","CB Ski HD PM Private -WEB","2020","03/12/2024 12:00:00 AM","755","N/A","N/A","","Unchanged","","System.Object[]","False","<=","2024-02-21-PrivateRateIncrease.xlsx"
"SS: CB Private ADV/WEB","128229","CB Ski HD PM Private -WEB","2020","03/13/2024 12:00:00 AM","755","N/A","N/A","","Unchanged","","System.Object[]","False","<=","2024-02-21-PrivateRateIncrease.xlsx"
"SS: CB Private ADV/WEB","128227","CB Ski FD Private -WEB","2030","03/11/2024 12:00:00 AM","1075","N/A","N/A","","Unchanged","","System.Object[]","False","<=","2024-02-21-PrivateRateIncrease.xlsx"
"SS: CB Private ADV/WEB","128227","CB Ski FD Private -WEB","2030","03/12/2024 12:00:00 AM","1075","N/A","N/A","","Unchanged","","System.Object[]","False","<=","2024-02-21-PrivateRateIncrease.xlsx"
"SS: CB Private ADV/WEB","128227","CB Ski FD Private -WEB","2030","03/13/2024 12:00:00 AM","1075","N/A","N/A","","Unchanged","","System.Object[]","False","<=","2024-02-21-PrivateRateIncrease.xlsx"
"SS: CB Private ADV/WEB","128231","CB SB HD AM Private -WEB","2040","03/11/2024 12:00:00 AM","755","N/A","N/A","","Unchanged","","System.Object[]","False","<=","2024-02-21-PrivateRateIncrease.xlsx"
"SS: CB Private ADV/WEB","128231","CB SB HD AM Private -WEB","2040","03/12/2024 12:00:00 AM","755","N/A","N/A","","Unchanged","","System.Object[]","False","<=","2024-02-21-PrivateRateIncrease.xlsx"
"SS: CB Private ADV/WEB","128231","CB SB HD AM Private -WEB","2040","03/13/2024 12:00:00 AM","755","N/A","N/A","","Unchanged","","System.Object[]","False","<=","2024-02-21-PrivateRateIncrease.xlsx"
"SS: CB Private ADV/WEB","128232","CB SB HD PM Private -WEB","2050","03/11/2024 12:00:00 AM","755","N/A","N/A","","Unchanged","","System.Object[]","False","<=","2024-02-21-PrivateRateIncrease.xlsx"
"SS: CB Private ADV/WEB","128232","CB SB HD PM Private -WEB","2050","03/12/2024 12:00:00 AM","755","N/A","N/A","","Unchanged","","System.Object[]","False","<=","2024-02-21-PrivateRateIncrease.xlsx"
"SS: CB Private ADV/WEB","128232","CB SB HD PM Private -WEB","2050","03/13/2024 12:00:00 AM","755","N/A","N/A","","Unchanged","","System.Object[]","False","<=","2024-02-21-PrivateRateIncrease.xlsx"
"SS: CB Private ADV/WEB","128230","CB SB FD Private -WEB","2060","03/11/2024 12:00:00 AM","1075","N/A","N/A","","Unchanged","","System.Object[]","False","<=","2024-02-21-PrivateRateIncrease.xlsx"
"SS: CB Private ADV/WEB","128230","CB SB FD Private -WEB","2060","03/12/2024 12:00:00 AM","1075","N/A","N/A","","Unchanged","","System.Object[]","False","<=","2024-02-21-PrivateRateIncrease.xlsx"
"SS: CB Private ADV/WEB","128230","CB SB FD Private -WEB","2060","03/13/2024 12:00:00 AM","1075","N/A","N/A","","Unchanged","","System.Object[]","False","<=","2024-02-21-PrivateRateIncrease.xlsx"
